MOF,Temp,Pres,Loading
 11093,298 ,11000 , 145.6637443655 
 11093,298 ,12000 , 146.5880363036 
 11093,298 ,15000 , 147.9788767728 
 11093,298 ,10 ,   0.0073148159 
 11093,298 ,100 ,   0.0813106736 
 11093,298 ,1000 ,   0.9402751527 
 11093,298 ,10000 , 144.7991057768 
 11093,298 ,20000 , 149.9199964887 
 11093,298 ,5000 ,   7.0070194190 
 11093,298 ,8000 ,  16.8494118926 
 11093,298 ,9000 ,  24.4649556346 
