MOF,Temp,Pres,Loading
 9661,298 ,11000 , 131.8488944033 
 9661,298 ,12000 , 140.9569247794 
 9661,298 ,15000 , 143.0950481609 
 9661,298 ,10 ,   0.0074055068 
 9661,298 ,100 ,   0.0826370353 
 9661,298 ,1000 ,   0.9861707878 
 9661,298 ,10000 ,  51.2245718668 
 9661,298 ,20000 , 144.5152584285 
 9661,298 ,5000 ,  35.5676709956 
 9661,298 ,8000 ,  44.8125670264 
 9661,298 ,9000 ,  47.8233637540 
